DATE;BOGMBASEW
1976-01-07;113805
1976-01-14;112209
1976-01-21;111901
1976-01-28;110414
1976-02-04;110456
1976-02-11;109751
1976-02-18;111417
1976-02-25;110550
1976-03-03;110582
1976-03-10;110162
1976-03-17;111433
1976-03-24;111828
1976-03-31;111886
1976-04-07;111669
1976-04-14;112644
1976-04-21;114434
1976-04-28;113341
1976-05-05;114090
1976-05-12;112798
1976-05-19;113946
1976-05-26;113409
1976-06-02;113807
1976-06-09;113572
1976-06-16;114823
1976-06-23;114412
1976-06-30;115009
1976-07-07;115458
1976-07-14;115386
1976-07-21;116440
1976-07-28;115020
1976-08-04;115606
1976-08-11;114912
1976-08-18;116270
1976-08-25;115642
1976-09-01;115220
1976-09-08;115135
1976-09-15;115687
1976-09-22;115877
1976-09-29;115595
1976-10-06;115913
1976-10-13;115886
1976-10-20;117697
1976-10-27;116409
1976-11-03;116936
1976-11-10;116844
1976-11-17;118953
1976-11-24;118941
1976-12-01;119387
1976-12-08;118782
1976-12-15;120115
1976-12-22;120910
1976-12-29;121421
1977-01-05;121227
1977-01-12;120088
1977-01-19;120157
1977-01-26;119088
1977-02-02;117705
1977-02-09;117378
1977-02-16;117898
1977-02-23;118340
1977-03-02;117637
1977-03-09;117653
1977-03-16;118560
1977-03-23;119462
1977-03-30;119419
1977-04-06;119352
1977-04-13;119895
1977-04-20;121989
1977-04-27;120950
1977-05-04;121140
1977-05-11;120560
1977-05-18;121507
1977-05-25;120613
1977-06-01;121171
1977-06-08;120851
1977-06-15;121498
1977-06-22;122291
1977-06-29;122355
1977-07-06;123974
1977-07-13;123551
1977-07-20;125208
1977-07-27;123488
1977-08-03;124308
1977-08-10;123755
1977-08-17;124644
1977-08-24;124271
1977-08-31;123994
1977-09-07;124017
1977-09-14;124426
1977-09-21;124839
1977-09-28;124166
1977-10-05;125308
1977-10-12;124601
1977-10-19;126903
1977-10-26;125910
1977-11-02;125956
1977-11-09;126208
1977-11-16;127835
1977-11-23;128559
1977-11-30;128296
1977-12-07;128122
1977-12-14;128903
1977-12-21;130541
1977-12-28;131057
1978-01-04;132336
1978-01-11;130807
1978-01-18;131242
1978-01-25;129091
1978-02-01;128205
1978-02-08;128280
1978-02-15;128741
1978-02-22;129482
1978-03-01;128174
1978-03-08;127989
1978-03-15;128432
1978-03-22;129936
1978-03-29;129875
1978-04-05;130312
1978-04-12;129887
1978-04-19;132380
1978-04-26;131384
1978-05-03;132048
1978-05-10;131775
1978-05-17;132668
1978-05-24;132163
1978-05-31;132501
1978-06-07;132313
1978-06-14;133433
1978-06-21;134347
1978-06-28;133619
1978-07-05;136098
1978-07-12;134639
1978-07-19;137693
1978-07-26;135123
1978-08-02;134853
1978-08-09;134295
1978-08-16;135490
1978-08-23;135757
1978-08-30;135304
1978-09-06;135832
1978-09-13;135741
1978-09-20;136672
1978-09-27;136246
1978-10-04;136901
1978-10-11;136822
1978-10-18;138521
1978-10-25;137858
1978-11-01;137454
1978-11-08;137663
1978-11-15;138596
1978-11-22;143392
1978-11-29;143365
1978-12-06;143458
1978-12-13;143048
1978-12-20;145090
1978-12-27;145458
1979-01-03;147608
1979-01-10;145038
1979-01-17;145457
1979-01-24;143250
1979-01-31;142160
1979-02-07;141405
1979-02-14;141212
1979-02-21;142733
1979-02-28;141073
1979-03-07;141989
1979-03-14;141562
1979-03-21;143287
1979-03-28;141980
1979-04-04;143118
1979-04-11;142747
1979-04-18;145653
1979-04-25;145054
1979-05-02;145129
1979-05-09;143978
1979-05-16;144700
1979-05-23;144532
1979-05-30;144522
1979-06-06;144925
1979-06-13;144903
1979-06-20;146707
1979-06-27;145979
1979-07-04;148004
1979-07-11;146961
1979-07-18;149440
1979-07-25;148364
1979-08-01;147810
1979-08-08;147530
1979-08-15;148524
1979-08-22;149297
1979-08-29;148799
1979-09-05;149374
1979-09-12;148881
1979-09-19;150141
1979-09-26;149513
1979-10-03;150234
1979-10-10;150234
1979-10-17;152296
1979-10-24;151737
1979-10-31;152419
1979-11-07;151735
1979-11-14;153045
1979-11-21;155241
1979-11-28;154878
1979-12-05;154989
1979-12-12;154883
1979-12-19;156812
1979-12-26;157844
1980-01-02;158907
1980-01-09;158396
1980-01-16;156502
1980-01-23;155022
1980-01-30;153618
1980-02-06;153263
1980-02-13;152560
1980-02-20;155857
1980-02-27;153814
1980-03-05;153892
1980-03-12;153620
1980-03-19;156080
1980-03-26;155416
1980-04-02;156141
1980-04-09;157210
1980-04-16;158098
1980-04-23;159240
1980-04-30;157373
1980-05-07;157215
1980-05-14;156991
1980-05-21;158912
1980-05-28;158076
1980-06-04;159004
1980-06-11;158109
1980-06-18;158753
1980-06-25;159100
1980-07-02;159984
1980-07-09;160064
1980-07-16;161260
1980-07-23;161607
1980-07-30;157177
1980-08-06;157419
1980-08-13;157117
1980-08-20;159827
1980-08-27;158500
1980-09-03;159348
1980-09-10;158678
1980-09-17;159488
1980-09-24;159750
1980-10-01;159713
1980-10-08;159357
1980-10-15;160473
1980-10-22;162544
1980-10-29;161224
1980-11-05;161884
1980-11-12;162708
1980-11-19;161846
1980-11-26;161652
1980-12-03;162151
1980-12-10;161599
1980-12-17;163422
1980-12-24;164171
1980-12-31;164836
1981-01-07;164274
1981-01-14;161767
1981-01-21;161163
1981-01-28;158360
1981-02-04;158179
1981-02-11;157806
1981-02-18;160237
1981-02-25;159255
1981-03-04;159228
1981-03-11;158045
1981-03-18;160243
1981-03-25;160337
1981-04-01;160902
1981-04-08;160277
1981-04-15;162272
1981-04-22;164164
1981-04-29;162883
1981-05-06;163054
1981-05-13;162311
1981-05-20;164148
1981-05-27;163349
1981-06-03;163057
1981-06-10;162852
1981-06-17;163864
1981-06-24;164712
1981-07-01;164784
1981-07-08;165283
1981-07-15;166076
1981-07-22;168003
1981-07-29;165256
1981-08-05;165072
1981-08-12;165296
1981-08-19;167573
1981-08-26;166622
1981-09-02;165560
1981-09-09;164169
1981-09-16;164933
1981-09-23;165442
1981-09-30;163952
1981-10-07;163468
1981-10-14;164586
1981-10-21;166974
1981-10-28;164928
1981-11-04;164814
1981-11-11;165486
1981-11-18;168004
1981-11-25;168453
1981-12-02;168809
1981-12-09;168419
1981-12-16;170255
1981-12-23;171881
1981-12-30;172413
1982-01-06;172713
1982-01-13;169995
1982-01-20;170907
1982-01-27;167452
1982-02-03;167346
1982-02-10;166222
1982-02-17;169000
1982-02-24;167573
1982-03-03;167027
1982-03-10;164438
1982-03-17;166715
1982-03-24;167029
1982-03-31;166346
1982-04-07;166409
1982-04-14;168140
1982-04-21;170982
1982-04-28;169136
1982-05-05;169206
1982-05-12;169135
1982-05-19;170885
1982-05-26;169994
1982-06-02;171050
1982-06-09;170691
1982-06-16;172257
1982-06-23;172153
1982-06-30;171797
1982-07-07;172924
1982-07-14;173001
1982-07-21;175374
1982-07-28;172519
1982-08-04;172691
1982-08-11;173134
1982-08-18;175291
1982-08-25;174457
1982-09-01;173715
1982-09-08;173127
1982-09-15;173432
1982-09-22;174373
1982-09-29;172566
1982-10-06;173289
1982-10-13;173851
1982-10-20;177024
1982-10-27;175258
1982-11-03;175255
1982-11-10;175678
1982-11-17;178123
1982-11-24;178475
1982-12-01;178728
1982-12-08;178339
1982-12-15;179804
1982-12-22;181958
1982-12-29;182538
1983-01-05;182517
1983-01-12;179643
1983-01-19;179673
1983-01-26;176803
1983-02-02;176091
1983-02-09;175555
1983-02-16;177314
1983-02-23;178118
1983-03-02;177627
1983-03-09;175950
1983-03-16;176789
1983-03-23;178520
1983-03-30;177761
1983-04-06;178515
1983-04-13;179296
1983-04-20;181773
1983-04-27;180040
1983-05-04;180762
1983-05-11;180544
1983-05-18;181704
1983-05-25;181571
1983-06-01;182197
1983-06-08;182632
1983-06-15;182999
1983-06-22;184045
1983-06-29;183479
1983-07-06;185310
1983-07-13;184692
1983-07-20;187199
1983-07-27;184262
1983-08-03;184677
1983-08-10;184829
1983-08-17;186238
1983-08-24;186031
1983-08-31;184980
1983-09-07;185104
1983-09-14;184835
1983-09-21;186108
1983-09-28;183761
1983-10-05;184709
1983-10-12;185498
1983-10-19;187812
1983-10-26;187327
1983-11-02;186179
1983-11-09;187041
1983-11-16;189176
1983-11-23;190436
1983-11-30;190427
1983-12-07;190124
1983-12-14;190521
1983-12-21;193265
1983-12-28;193477
1984-01-04;195406
1984-01-11;193392
1984-01-18;191650
1984-01-25;189398
1984-02-01;188189
1984-02-08;186954
1984-02-15;186954
1984-02-22;186628
1984-02-29;186628
1984-03-07;188943
1984-03-14;188943
1984-03-21;188793
1984-03-28;188793
1984-04-04;191496
1984-04-11;191496
1984-04-18;192803
1984-04-25;192803
1984-05-02;192356
1984-05-09;192356
1984-05-16;192704
1984-05-23;192704
1984-05-30;193546
1984-06-06;193546
1984-06-13;196219
1984-06-20;196219
1984-06-27;196252
1984-07-04;196252
1984-07-11;198775
1984-07-18;198775
1984-07-25;196492
1984-08-01;196492
1984-08-08;197321
1984-08-15;197321
1984-08-22;195892
1984-08-29;195892
1984-09-05;198650
1984-09-12;198650
1984-09-19;197190
1984-09-26;197190
1984-10-03;198122
1984-10-10;198122
1984-10-17;197732
1984-10-24;197732
1984-10-31;198697
1984-11-07;198697
1984-11-14;200504
1984-11-21;200504
1984-11-28;202202
1984-12-05;202202
1984-12-12;203861
1984-12-19;203861
1984-12-26;207010
1985-01-02;207010
1985-01-09;206195
1985-01-16;206195
1985-01-23;199865
1985-01-30;199865
1985-02-06;199639
1985-02-13;199639
1985-02-20;200566
1985-02-27;200566
1985-03-06;203036
1985-03-13;203036
1985-03-20;201910
1985-03-27;201910
1985-04-03;204524
1985-04-10;204524
1985-04-17;206216
1985-04-24;206216
1985-05-01;205512
1985-05-08;205512
1985-05-15;206308
1985-05-22;206308
1985-05-29;208336
1985-06-05;208336
1985-06-12;210756
1985-06-19;210756
1985-06-26;210476
1985-07-03;210476
1985-07-10;213923
1985-07-17;213923
1985-07-24;211019
1985-07-31;211019
1985-08-07;213061
1985-08-14;213061
1985-08-21;212087
1985-08-28;212087
1985-09-04;214929
1985-09-11;214929
1985-09-18;214404
1985-09-25;214404
1985-10-02;214868
1985-10-09;214868
1985-10-16;216436
1985-10-23;216436
1985-10-30;216512
1985-11-06;216512
1985-11-13;219354
1985-11-20;219354
1985-11-27;221492
1985-12-04;221492
1985-12-11;224155
1985-12-18;224155
1985-12-25;226328
1986-01-01;226328
1986-01-08;225727
1986-01-15;225727
1986-01-22;218094
1986-01-29;218094
1986-02-05;216402
1986-02-12;216402
1986-02-19;218479
1986-02-26;218479
1986-03-05;220871
1986-03-12;220871
1986-03-19;220873
1986-03-26;220873
1986-04-02;223869
1986-04-09;223869
1986-04-16;225865
1986-04-23;225865
1986-04-30;224996
1986-05-07;224996
1986-05-14;225993
1986-05-21;225993
1986-05-28;228025
1986-06-04;228025
1986-06-11;230844
1986-06-18;230844
1986-06-25;230026
1986-07-02;230026
1986-07-09;234569
1986-07-16;234569
1986-07-23;231834
1986-07-30;231834
1986-08-06;233076
1986-08-13;233076
1986-08-20;232752
1986-08-27;232752
1986-09-03;235456
1986-09-10;235456
1986-09-17;234996
1986-09-24;234996
1986-10-01;234802
1986-10-08;234802
1986-10-15;237716
1986-10-22;237716
1986-10-29;237857
1986-11-05;237857
1986-11-12;242023
1986-11-19;242023
1986-11-26;243726
1986-12-03;243726
1986-12-10;246588
1986-12-17;246588
1986-12-24;251712
1986-12-31;251712
1987-01-07;251201
1987-01-14;251201
1987-01-21;243836
1987-01-28;243836
1987-02-04;241860
1987-02-11;241860
1987-02-18;242518
1987-02-25;242518
1987-03-04;244329
1987-03-11;244329
1987-03-18;244367
1987-03-25;244367
1987-04-01;246542
1987-04-08;246542
1987-04-15;251194
1987-04-22;251194
1987-04-29;249789
1987-05-06;249789
1987-05-13;250226
1987-05-20;250226
1987-05-27;251500
1987-06-03;251500
1987-06-10;253977
1987-06-17;253977
1987-06-24;251969
1987-07-01;251969
1987-07-08;256368
1987-07-15;256368
1987-07-22;253443
1987-07-29;253443
1987-08-05;254775
1987-08-12;254775
1987-08-19;254000
1987-08-26;254000
1987-09-02;255606
1987-09-09;255606
1987-09-16;256930
1987-09-23;256930
1987-09-30;255751
1987-10-07;255751
1987-10-14;257722
1987-10-21;257722
1987-10-28;260311
1987-11-04;260311
1987-11-11;262144
1987-11-18;262144
1987-11-25;263291
1987-12-02;263291
1987-12-09;266312
1987-12-16;266312
1987-12-23;267732
1987-12-30;267732
1988-01-06;270034
1988-01-13;270034
1988-01-20;264535
1988-01-27;264535
1988-02-03;259968
1988-02-10;259968
1988-02-17;260815
1988-02-24;260815
1988-03-02;261984
1988-03-09;261984
1988-03-16;263089
1988-03-23;263089
1988-03-30;265492
1988-04-06;265492
1988-04-13;269876
1988-04-20;269876
1988-04-27;268223
1988-05-04;268223
1988-05-11;268955
1988-05-18;268955
1988-05-25;268866
1988-06-01;268866
1988-06-08;273844
1988-06-15;273844
1988-06-22;272316
1988-06-29;272316
1988-07-06;277328
1988-07-13;277328
1988-07-20;274644
1988-07-27;274644
1988-08-03;275158
1988-08-10;275158
1988-08-17;274469
1988-08-24;274469
1988-08-31;274987
1988-09-07;274987
1988-09-14;276159
1988-09-21;276159
1988-09-28;273979
1988-10-05;273979
1988-10-12;276169
1988-10-19;276169
1988-10-26;275200
1988-11-02;275200
1988-11-09;279866
1988-11-16;279866
1988-11-23;279018
1988-11-30;279018
1988-12-07;282660
1988-12-14;282660
1988-12-21;284123
1988-12-28;284123
1989-01-04;287506
1989-01-11;287506
1989-01-18;281381
1989-01-25;281381
1989-02-01;274205
1989-02-08;274205
1989-02-15;274971
1989-02-22;274971
1989-03-01;277391
1989-03-08;277391
1989-03-15;279119
1989-03-22;279119
1989-03-29;279514
1989-04-05;279514
1989-04-12;282520
1989-04-19;282520
1989-04-26;281461
1989-05-03;281461
1989-05-10;281156
1989-05-17;281156
1989-05-24;279823
1989-05-31;279823
1989-06-07;284475
1989-06-14;284475
1989-06-21;282308
1989-06-28;282308
1989-07-05;287580
1989-07-12;287580
1989-07-19;284747
1989-07-26;284747
1989-08-02;283863
1989-08-09;283863
1989-08-16;283879
1989-08-23;283879
1989-08-30;283802
1989-09-06;283802
1989-09-13;285566
1989-09-20;285566
1989-09-27;282035
1989-10-04;282035
1989-10-11;285242
1989-10-18;285242
1989-10-25;283836
1989-11-01;283836
1989-11-08;287248
1989-11-15;287248
1989-11-22;288347
1989-11-29;288347
1989-12-06;292256
1989-12-13;292256
1989-12-20;295032
1989-12-27;295032
1990-01-03;298562
1990-01-10;298562
1990-01-17;293131
1990-01-24;293131
1990-01-31;285378
1990-02-07;285378
1990-02-14;287613
1990-02-21;287613
1990-02-28;290273
1990-03-07;290273
1990-03-14;292910
1990-03-21;292910
1990-03-28;293183
1990-04-04;293183
1990-04-11;298766
1990-04-18;298766
1990-04-25;297222
1990-05-02;297222
1990-05-09;297925
1990-05-16;297925
1990-05-23;296312
1990-05-30;296312
1990-06-06;301894
1990-06-13;301894
1990-06-20;300963
1990-06-27;300963
1990-07-04;304719
1990-07-11;304719
1990-07-18;303468
1990-07-25;303468
1990-08-01;303344
1990-08-08;303344
1990-08-15;305408
1990-08-22;305408
1990-08-29;306343
1990-09-05;306343
1990-09-12;309771
1990-09-19;309771
1990-09-26;306590
1990-10-03;306590
1990-10-10;309970
1990-10-17;309970
1990-10-24;308025
1990-10-31;308025
1990-11-07;312608
1990-11-14;312608
1990-11-21;314345
1990-11-28;314345
1990-12-05;316378
1990-12-12;316378
1990-12-19;314285
1990-12-26;314285
1991-01-02;315373
1991-01-09;315373
1991-01-16;308647
1991-01-23;308647
1991-01-30;304763
1991-02-06;304763
1991-02-13;307065
1991-02-20;307065
1991-02-27;308374
1991-03-06;308374
1991-03-13;312045
1991-03-20;312045
1991-03-27;311353
1991-04-03;311353
1991-04-10;315526
1991-04-17;315526
1991-04-24;313126
1991-05-01;313126
1991-05-08;314369
1991-05-15;314369
1991-05-22;313882
1991-05-29;313882
1991-06-05;317946
1991-06-12;317946
1991-06-19;317436
1991-06-26;317436
1991-07-03;320669
1991-07-10;320669
1991-07-17;319885
1991-07-24;319885
1991-07-31;319218
1991-08-07;319218
1991-08-14;319896
1991-08-21;319896
1991-08-28;320852
1991-09-04;320852
1991-09-11;323965
1991-09-18;323965
1991-09-25;319653
1991-10-02;319653
1991-10-09;323409
1991-10-16;323409
1991-10-23;322857
1991-10-30;322857
1991-11-06;327738
1991-11-13;327738
1991-11-20;327910
1991-11-27;327910
1991-12-04;333705
1991-12-11;333705
1991-12-18;335221
1991-12-25;335221
1992-01-01;339002
1992-01-08;339002
1992-01-15;333438
1992-01-22;333438
1992-01-29;327498
1992-02-05;327498
1992-02-12;331682
1992-02-19;331682
1992-02-26;332497
1992-03-04;332497
1992-03-11;336736
1992-03-18;336736
1992-03-25;335321
1992-04-01;335321
1992-04-08;333112
1992-04-15;333112
1992-04-22;332898
1992-04-29;332898
1992-05-06;334273
1992-05-13;334273
1992-05-20;334183
1992-05-27;334183
1992-06-03;336665
1992-06-10;336665
1992-06-17;336861
1992-06-24;336861
1992-07-01;338374
1992-07-08;338374
1992-07-15;341258
1992-07-22;341258
1992-07-29;340948
1992-08-05;340948
1992-08-12;343506
1992-08-19;343506
1992-08-26;342561
1992-09-02;342561
1992-09-09;348657
1992-09-16;348657
1992-09-23;345770
1992-09-30;345770
1992-10-07;349365
1992-10-14;349365
1992-10-21;349449
1992-10-28;349449
1992-11-04;353556
1992-11-11;353556
1992-11-18;357015
1992-11-25;357015
1992-12-02;358077
1992-12-09;358077
1992-12-16;361330
1992-12-23;361330
1992-12-30;367212
1993-01-06;367212
1993-01-13;361790
1993-01-20;361790
1993-01-27;355621
1993-02-03;355621
1993-02-10;359407
1993-02-17;359407
1993-02-24;360762
1993-03-03;360762
1993-03-10;362484
1993-03-17;362484
1993-03-24;363383
1993-03-31;363383
1993-04-07;368066
1993-04-14;368066
1993-04-21;369672
1993-04-28;369672
1993-05-05;368567
1993-05-12;368567
1993-05-19;371299
1993-05-26;371299
1993-06-02;375043
1993-06-09;375043
1993-06-16;375487
1993-06-23;375487
1993-06-30;377576
1993-07-07;377576
1993-07-14;381085
1993-07-21;381085
1993-07-28;377455
1993-08-04;377455
1993-08-11;381660
1993-08-18;381660
1993-08-25;381123
1993-09-01;381123
1993-09-08;385709
1993-09-15;385709
1993-09-22;383753
1993-09-29;383753
1993-10-06;387573
1993-10-13;387573
1993-10-20;388688
1993-10-27;388688
1993-11-03;388737
1993-11-10;388737
1993-11-17;393009
1993-11-24;393009
1993-12-01;394884
1993-12-08;394884
1993-12-15;397831
1993-12-22;397831
1993-12-29;403232
1994-01-05;403232
1994-01-12;399245
1994-01-19;399245
1994-01-26;393816
1994-02-02;393816
1994-02-09;396983
1994-02-16;396983
1994-02-23;399712
1994-03-02;399712
1994-03-09;400102
1994-03-16;400102
1994-03-23;401140
1994-03-30;401140
1994-04-06;406497
1994-04-13;406497
1994-04-20;407710
1994-04-27;407710
1994-05-04;405350
1994-05-11;405350
1994-05-18;406973
1994-05-25;406973
1994-06-01;410543
1994-06-08;410543
1994-06-15;411065
1994-06-22;411065
1994-06-29;413560
1994-07-06;413560
1994-07-13;416941
1994-07-20;416941
1994-07-27;413343
1994-08-03;413343
1994-08-10;415950
1994-08-17;415950
1994-08-24;414987
1994-08-31;414987
1994-09-07;418350
1994-09-14;418350
1994-09-21;415223
1994-09-28;415223
1994-10-05;417983
1994-10-12;417983
1994-10-19;419046
1994-10-26;419046
1994-11-02;419321
1994-11-09;419321
1994-11-16;424371
1994-11-23;424371
1994-11-30;425258
1994-12-07;425258
1994-12-14;426745
1994-12-21;426745
1994-12-28;433193
1995-01-04;433193
1995-01-11;429049
1995-01-18;429049
1995-01-25;421033
1995-02-01;421033
1995-02-08;421990
1995-02-15;421990
1995-02-22;424014
1995-03-01;424014
1995-03-08;426751
1995-03-15;426751
1995-03-22;428458
1995-03-29;428458
1995-04-05;431310
1995-04-12;431310
1995-04-19;435511
1995-04-26;435511
1995-05-03;433334
1995-05-10;433334
1995-05-17;433888
1995-05-24;433888
1995-05-31;435212
1995-06-07;435212
1995-06-14;434766
1995-06-21;434766
1995-06-28;434687
1995-07-05;434687
1995-07-12;437884
1995-07-19;437884
1995-07-26;434129
1995-08-02;434129
1995-08-09;436485
1995-08-16;436485
1995-08-23;434643
1995-08-30;434643
1995-09-06;437873
1995-09-13;437873
1995-09-20;434966
1995-09-27;434966
1995-10-04;436030
1995-10-11;436030
1995-10-18;437358
1995-10-25;437358
1995-11-01;435720
1995-11-08;435720
1995-11-15;439144
1995-11-22;439144
1995-11-29;442377
1995-12-06;442377
1995-12-13;443193
1995-12-20;443193
1995-12-27;451098
1996-01-03;451098
1996-01-10;445756
1996-01-17;445756
1996-01-24;435703
1996-01-31;435703
1996-02-07;434264
1996-02-14;434264
1996-02-21;436898
1996-02-28;436898
1996-03-06;439435
1996-03-13;439435
1996-03-20;440632
1996-03-27;440632
1996-04-03;443149
1996-04-10;443149
1996-04-17;444605
1996-04-24;444605
1996-05-01;440890
1996-05-08;440890
1996-05-15;442648
1996-05-22;442648
1996-05-29;445472
1996-06-05;445472
1996-06-12;445801
1996-06-19;445801
1996-06-26;447648
1996-07-03;447648
1996-07-10;451988
1996-07-17;451988
1996-07-24;448143
1996-07-31;448143
1996-08-07;450693
1996-08-14;450693
1996-08-21;450492
1996-08-28;450492
1996-09-04;453891
1996-09-11;453891
1996-09-18;450880
1996-09-25;450880
1996-10-02;450699
1996-10-09;450699
1996-10-16;453598
1996-10-23;453598
1996-10-30;452590
1996-11-06;452590
1996-11-13;456708
1996-11-20;456708
1996-11-27;460086
1996-12-04;460086
1996-12-11;462364
1996-12-18;462364
1996-12-25;469244
1997-01-01;469244
1997-01-08;466689
1997-01-15;466689
1997-01-22;458453
1997-01-29;458453
1997-02-05;458206
1997-02-12;458206
1997-02-19;461141
1997-02-26;461141
1997-03-05;461577
1997-03-12;461577
1997-03-19;461933
1997-03-26;461933
1997-04-02;465062
1997-04-09;465062
1997-04-16;465940
1997-04-23;465940
1997-04-30;465090
1997-05-07;465090
1997-05-14;466108
1997-05-21;466108
1997-05-28;469704
1997-06-04;469704
1997-06-11;468769
1997-06-18;468769
1997-06-25;471075
1997-07-02;471075
1997-07-09;475424
1997-07-16;475424
1997-07-23;471072
1997-07-30;471072
1997-08-06;473360
1997-08-13;473360
1997-08-20;474330
1997-08-27;474330
1997-09-03;477430
1997-09-10;477430
1997-09-17;474150
1997-09-24;474150
1997-10-01;475141
1997-10-08;475141
1997-10-15;478166
1997-10-22;478166
1997-10-29;479137
1997-11-05;479137
1997-11-12;483631
1997-11-19;483631
1997-11-26;488365
1997-12-03;488365
1997-12-10;488981
1997-12-17;488981
1997-12-24;498185
1997-12-31;498185
1998-01-07;496774
1998-01-14;496774
1998-01-21;486831
1998-01-28;486831
1998-02-04;485945
1998-02-11;485945
1998-02-18;489859
1998-02-25;489859
1998-03-04;490778
1998-03-11;490778
1998-03-18;490693
1998-03-25;490693
1998-04-01;492157
1998-04-08;492157
1998-04-15;495824
1998-04-22;495824
1998-04-29;493096
1998-05-06;493096
1998-05-13;494200
1998-05-20;494200
1998-05-27;497708
1998-06-03;497708
1998-06-10;497652
1998-06-17;497652
1998-06-24;498693
1998-07-01;498693
1998-07-08;503295
1998-07-15;503295
1998-07-22;501496
1998-07-29;501496
1998-08-05;505031
1998-08-12;505031
1998-08-19;503610
1998-08-26;503610
1998-09-02;507988
1998-09-09;507988
1998-09-16;508297
1998-09-23;508297
1998-09-30;509954
1998-10-07;509954
1998-10-14;512858
1998-10-21;512858
1998-10-28;513944
1998-11-04;513944
1998-11-11;517026
1998-11-18;517026
1998-11-25;521361
1998-12-02;521361
1998-12-09;523111
1998-12-16;523111
1998-12-23;530109
1998-12-30;530109
1999-01-06;531695
1999-01-13;531695
1999-01-20;525480
1999-01-27;525480
1999-02-03;523810
1999-02-10;523810
1999-02-17;527231
1999-02-24;527231
1999-03-03;529876
1999-03-10;529876
1999-03-17;530752
1999-03-24;530752
1999-03-31;533158
1999-04-07;533158
1999-04-14;534908
1999-04-21;534908
1999-04-28;537146
1999-05-05;537146
1999-05-12;539548
1999-05-19;539548
1999-05-26;543319
1999-06-02;543319
1999-06-09;544177
1999-06-16;544177
1999-06-23;543956
1999-06-30;543956
1999-07-07;549077
1999-07-14;549077
1999-07-21;548233
1999-07-28;548233
1999-08-04;550333
1999-08-11;550333
1999-08-18;550681
1999-08-25;550681
1999-09-01;554834
1999-09-08;554834
1999-09-15;557042
1999-09-22;557042
1999-09-29;558448
1999-10-06;558448
1999-10-13;564178
1999-10-20;564178
1999-10-27;568675
1999-11-03;568675
1999-11-10;578945
1999-11-17;578945
1999-11-24;590114
1999-12-01;590114
1999-12-08;600914
1999-12-15;600914
1999-12-22;623631
1999-12-29;623631
2000-01-05;626869
2000-01-12;626869
2000-01-19;588940
2000-01-26;588940
2000-02-02;578062
2000-02-09;578062
2000-02-16;578414
2000-02-23;578414
2000-03-01;577087
2000-03-08;577087
2000-03-15;576894
2000-03-22;576894
2000-03-29;577451
2000-04-05;577451
2000-04-12;578619
2000-04-19;578619
2000-04-26;579066
2000-05-03;579066
2000-05-10;580064
2000-05-17;580064
2000-05-24;581368
2000-05-31;581368
2000-06-07;582432
2000-06-14;582432
2000-06-21;580846
2000-06-28;580846
2000-07-05;586458
2000-07-12;586458
2000-07-19;582690
2000-07-26;582690
2000-08-02;583147
2000-08-09;583147
2000-08-16;582921
2000-08-23;582921
2000-08-30;584612
2000-09-06;584612
2000-09-13;583927
2000-09-20;583927
2000-09-27;582991
2000-10-04;582991
2000-10-11;585945
2000-10-18;585945
2000-10-25;585201
2000-11-01;585201
2000-11-08;587816
2000-11-15;587816
2000-11-22;592856
2000-11-29;592856
2000-12-06;593716
2000-12-13;593716
2000-12-20;600515
2000-12-27;600515
2001-01-03;605483
2001-01-10;605483
2001-01-17;596914
2001-01-24;596914
2001-01-31;592435
2001-02-07;592435
2001-02-14;596503
2001-02-21;596503
2001-02-28;598050
2001-03-07;598050
2001-03-14;598898
2001-03-21;598898
2001-03-28;600135
2001-04-04;600135
2001-04-11;601536
2001-04-18;601536
2001-04-25;602482
2001-05-02;602482
2001-05-09;604094
2001-05-16;604094
2001-05-23;608044
2001-05-30;608044
2001-06-06;608620
2001-06-13;608620
2001-06-20;608399
2001-06-27;608399
2001-07-04;614420
2001-07-11;614420
2001-07-18;615907
2001-07-25;615907
2001-08-01;619032
2001-08-08;619032
2001-08-15;621467
2001-08-22;621467
2001-08-29;626940
2001-09-05;626940
2001-09-12;667412
2001-09-19;667412
2001-09-26;630748
2001-10-03;630748
2001-10-10;634426
2001-10-17;634426
2001-10-24;636826
2001-10-31;636826
2001-11-07;635782
2001-11-14;635782
2001-11-21;642604
2001-11-28;642604
2001-12-05;643287
2001-12-12;643287
2001-12-19;653923
2001-12-26;653923
2002-01-02;659930
2002-01-09;659930
2002-01-16;652179
2002-01-23;652179
2002-01-30;649587
2002-02-06;649587
2002-02-13;655271
2002-02-20;655271
2002-02-27;657321
2002-03-06;657321
2002-03-13;657943
2002-03-20;657943
2002-03-27;661137
2002-04-03;661137
2002-04-10;663255
2002-04-17;663255
2002-04-24;664081
2002-05-01;664081
2002-05-08;665556
2002-05-15;665556
2002-05-22;671425
2002-05-29;671425
2002-06-05;672481
2002-06-12;672481
2002-06-19;673438
2002-06-26;673438
2002-07-03;680268
2002-07-10;680268
2002-07-17;679002
2002-07-24;679002
2002-07-31;678557
2002-08-07;678557
2002-08-14;678493
2002-08-21;678493
2002-08-28;682392
2002-09-04;682392
2002-09-11;680464
2002-09-18;680464
2002-09-25;679655
2002-10-02;679655
2002-10-09;681277
2002-10-16;681277
2002-10-23;682498
2002-10-30;682498
2002-11-06;685340
2002-11-13;685340
2002-11-20;690035
2002-11-27;690035
2002-12-04;694976
2002-12-11;694976
2002-12-18;700058
2002-12-25;700058
2003-01-01;705024
2003-01-08;705024
2003-01-15;698187
2003-01-22;698187
2003-01-29;695812
2003-02-05;695812
2003-02-12;700744
2003-02-19;700744
2003-02-26;704149
2003-03-05;704149
2003-03-12;704272
2003-03-19;704272
2003-03-26;706899
2003-04-02;706899
2003-04-09;708600
2003-04-16;708600
2003-04-23;710883
2003-04-30;710883
2003-05-07;710810
2003-05-14;710810
2003-05-21;716382
2003-05-28;716382
2003-06-04;714790
2003-06-11;714790
2003-06-18;713857
2003-06-25;713857
2003-07-02;718537
2003-07-09;718537
2003-07-16;717402
2003-07-23;717402
2003-07-30;716946
2003-08-06;716946
2003-08-13;720899
2003-08-20;720899
2003-08-27;723122
2003-09-03;723122
2003-09-10;720463
2003-09-17;720463
2003-09-24;721232
2003-10-01;721232
2003-10-08;722346
2003-10-15;722346
2003-10-22;727073
2003-10-29;727073
2003-11-05;727171
2003-11-12;727171
2003-11-19;732024
2003-11-26;732024
2003-12-03;736179
2003-12-10;736179
2003-12-17;738953
2003-12-24;738953
2003-12-31;744930
2004-01-07;744930
2004-01-14;735027
2004-01-21;735027
2004-01-28;732470
2004-02-04;732470
2004-02-11;735083
2004-02-18;735083
2004-02-25;736571
2004-03-03;736571
2004-03-10;736621
2004-03-17;736621
2004-03-24;736984
2004-03-31;736984
2004-04-07;739667
2004-04-14;739667
2004-04-21;742511
2004-04-28;742511
2004-05-05;742861
2004-05-12;742861
2004-05-19;745135
2004-05-26;745135
2004-06-02;750001
2004-06-09;750001
2004-06-16;748515
2004-06-23;748515
2004-06-30;755958
2004-07-07;755958
2004-07-14;757930
2004-07-21;757930
2004-07-28;757370
2004-08-04;757370
2004-08-11;755406
2004-08-18;755406
2004-08-25;759035
2004-09-01;759035
2004-09-08;762939
2004-09-15;762939
2004-09-22;761759
2004-09-29;761759
2004-10-06;762192
2004-10-13;762192
2004-10-20;764584
2004-10-27;764584
2004-11-03;766874
2004-11-10;766874
2004-11-17;771109
2004-11-24;771109
2004-12-01;775087
2004-12-08;775087
2004-12-15;774201
2004-12-22;774201
2004-12-29;780571
2005-01-05;780571
2005-01-12;773586
2005-01-19;773586
2005-01-26;774902
2005-02-02;774902
2005-02-09;770725
2005-02-16;770725
2005-02-23;775062
2005-03-02;775062
2005-03-09;772512
2005-03-16;772512
2005-03-23;774133
2005-03-30;774133
2005-04-06;774750
2005-04-13;774750
2005-04-20;776501
2005-04-27;776501
2005-05-04;774449
2005-05-11;774449
2005-05-18;775610
2005-05-25;775610
2005-06-01;781595
2005-06-08;781595
2005-06-15;778943
2005-06-22;778943
2005-06-29;782767
2005-07-06;782767
2005-07-13;782567
2005-07-20;782567
2005-07-27;783283
2005-08-03;783283
2005-08-10;781969
2005-08-17;781969
2005-08-24;783366
2005-08-31;783366
2005-09-07;787682
2005-09-14;787682
2005-09-21;788255
2005-09-28;788255
2005-10-05;787596
2005-10-12;787596
2005-10-19;786721
2005-10-26;786721
2005-11-02;787692
2005-11-09;787692
2005-11-16;794976
2005-11-23;794976
2005-11-30;797895
2005-12-07;797895
2005-12-14;799406
2005-12-21;799406
2005-12-28;811991
2006-01-04;811991
2006-01-11;804049
2006-01-18;804049
2006-01-25;801900
2006-02-01;801900
2006-02-08;802595
2006-02-15;802595
2006-02-22;807517
2006-03-01;807517
2006-03-08;810684
2006-03-15;810684
2006-03-22;810133
2006-03-29;810133
2006-04-05;807796
2006-04-12;807796
2006-04-19;809782
2006-04-26;809782
2006-05-03;811309
2006-05-10;811309
2006-05-17;811888
2006-05-24;811888
2006-05-31;815697
2006-06-07;815697
2006-06-14;810627
2006-06-21;810627
2006-06-28;812482
2006-07-05;812482
2006-07-12;812034
2006-07-19;812034
2006-07-26;810482
2006-08-02;810482
2006-08-09;809022
2006-08-16;809022
2006-08-23;810097
2006-08-30;810097
2006-09-06;812507
2006-09-13;812507
2006-09-20;808658
2006-09-27;808658
2006-10-04;809411
2006-10-11;809411
2006-10-18;809469
2006-10-25;809469
2006-11-01;811489
2006-11-08;811489
2006-11-15;816165
2006-11-22;816165
2006-11-29;823169
2006-12-06;823169
2006-12-13;821930
2006-12-20;821930
2006-12-27;834786
2007-01-03;834786
2007-01-10;824798
2007-01-17;824798
2007-01-24;818628
2007-01-31;818628
2007-02-07;817343
2007-02-14;817343
2007-02-21;822746
2007-02-28;822746
2007-03-07;821244
2007-03-14;821244
2007-03-21;820304
2007-03-28;820304
2007-04-04;822222
2007-04-11;822222
2007-04-18;823000
2007-04-25;823000
2007-05-02;824583
2007-05-09;824583
2007-05-16;824256
2007-05-23;824256
2007-05-30;829476
2007-06-06;829476
2007-06-13;825686
2007-06-20;825686
2007-06-27;827830
2007-07-04;827830
2007-07-11;829789
2007-07-18;829789
2007-07-25;828362
2007-08-01;828362
2007-08-08;834129
2007-08-15;834129
2007-08-22;825399
2007-08-29;825399
2007-09-05;827953
2007-09-12;827953
2007-09-19;826060
2007-09-26;826060
2007-10-03;830569
2007-10-10;830569
2007-10-17;827528
2007-10-24;827528
2007-10-31;829875
2007-11-07;829875
2007-11-14;835395
2007-11-21;835395
2007-11-28;836090
2007-12-05;836090
2007-12-12;832075
2007-12-19;832075
2007-12-26;843621
2008-01-02;843621
2008-01-09;832705
2008-01-16;832705
2008-01-23;826979
2008-01-30;826979
2008-02-06;826776
2008-02-13;826776
2008-02-20;831800
2008-02-27;831800
2008-03-05;831500
2008-03-12;831500
2008-03-19;834666
2008-03-26;834666
2008-04-02;831929
2008-04-09;831929
2008-04-16;829273
2008-04-23;829273
2008-04-30;829977
2008-05-07;829977
2008-05-14;832619
2008-05-21;832619
2008-05-28;840843
2008-06-04;840843
2008-06-11;837637
2008-06-18;837637
2008-06-25;842914
2008-07-02;842914
2008-07-09;847282
2008-07-16;847282
2008-07-23;847310
2008-07-30;847310
2008-08-06;847444
2008-08-13;847444
2008-08-20;846685
2008-08-27;846685
2008-09-03;851525
2008-09-10;851525
2008-09-17;916189
2008-09-24;916189
2008-10-01;991451
2008-10-08;991451
2008-10-15;1151115
2008-10-22;1151115
2008-10-29;1242395
2008-11-05;1242395
2008-11-12;1483787
2008-11-19;1483787
2008-11-26;1480232
2008-12-03;1480232
2008-12-10;1666978
2008-12-17;1666978
2008-12-24;1705638
2008-12-31;1705638
2009-01-07;1753732
2009-01-14;1753732
2009-01-21;1709754
2009-01-28;1709754
2009-02-04;1527882
2009-02-11;1527882
2009-02-18;1592442
2009-02-25;1592442
2009-03-04;1542228
2009-03-11;1542228
2009-03-18;1693133
2009-03-25;1693133
2009-04-01;1733017
2009-04-08;1733017
2009-04-15;1789878
2009-04-22;1789878
2009-04-29;1709369
2009-05-06;1709369
2009-05-13;1805373
2009-05-20;1805373
2009-05-27;1772436
2009-06-03;1772436
2009-06-10;1722716
2009-06-17;1722716
2009-06-24;1621214
2009-07-01;1621214
2009-07-08;1682217
2009-07-15;1682217
2009-07-22;1672288
2009-07-29;1672288
2009-08-05;1648636
2009-08-12;1648636
2009-08-19;1744441
2009-08-26;1744441
2009-09-02;1765635
2009-09-09;1765635
2009-09-16;1795581
2009-09-23;1795581
2009-09-30;1858017
2009-10-07;1858017
2009-10-14;1927828
2009-10-21;1927828
2009-10-28;2003003
2009-11-04;2003003
2009-11-11;1989940
2009-11-18;1989940
2009-11-25;2072256
2009-12-02;2072256
2009-12-09;2036838
2009-12-16;2036838
2009-12-23;2014212
2009-12-30;2014212
2010-01-06;1953607
2010-01-13;1953607
2010-01-20;2013108
2010-01-27;2013108
2010-02-03;2065854
2010-02-10;2065854
2010-02-17;2148684
2010-02-24;2148684
2010-03-03;2121248
2010-03-10;2121248
2010-03-17;2062102
2010-03-24;2062102
2010-03-31;2055062
2010-04-07;2055062
2010-04-14;2019074
2010-04-21;2019074
2010-04-28;1975669
2010-05-05;1975669
2010-05-12;2019397
2010-05-19;2019397
2010-05-26;2019365
2010-06-02;2019365
2010-06-09;2007579
2010-06-16;2007579
2010-06-23;1994868
2010-06-30;1994868
2010-07-07;2002137
2010-07-14;2002137
2010-07-21;1985912
2010-07-28;1985912
2010-08-04;1996856
2010-08-11;1996856
2010-08-18;1994404
2010-08-25;1994404
2010-09-01;1986085
2010-09-08;1986085
2010-09-15;1955295
2010-09-22;1955295
2010-09-29;1946749
2010-10-06;1946749
2010-10-13;1966965
2010-10-20;1966965
2010-10-27;1963211
2010-11-03;1963211
2010-11-10;1963334
2010-11-17;1963334
2010-11-24;1985990
2010-12-01;1985990
2010-12-08;2031954
2010-12-15;2031954
2010-12-22;2004294
2010-12-29;2004294
2011-01-05;2016770
2011-01-12;2016770
2011-01-19;2054422
2011-01-26;2054422
2011-02-02;2104460
2011-02-09;2104460
2011-02-16;2239602
2011-02-23;2239602
2011-03-02;2326078
2011-03-09;2326078
2011-03-16;2397924
2011-03-23;2397924
2011-03-30;2468699
2011-04-06;2468699
2011-04-13;2516991
2011-04-20;2516991
2011-04-27;2484716
2011-05-04;2484716
2011-05-11;2551840
2011-05-18;2551840
2011-05-25;2609086
2011-06-01;2609086
2011-06-08;2666626
2011-06-15;2666626
2011-06-22;2629738
2011-06-29;2629738
2011-07-06;2698259
2011-07-13;2698259
2011-07-20;2675877
2011-07-27;2675877
2011-08-03;2672301
2011-08-10;2672301
2011-08-17;2648963
2011-08-24;2648963
2011-08-31;2654221
2011-09-07;2654221
2011-09-14;2634075
2011-09-21;2634075
2011-09-28;2630423
2011-10-05;2630423
2011-10-12;2658741
2011-10-19;2658741
2011-10-26;2616333
2011-11-02;2616333
2011-11-09;2633476
2011-11-16;2633476
2011-11-23;2575806
2011-11-30;2575806
2011-12-07;2639406
2011-12-14;2639406
2011-12-21;2594558
2011-12-28;2594558
2012-01-04;2643893
2012-01-11;2643893
2012-01-18;2630313
2012-01-25;2630313
2012-02-01;2659417
2012-02-08;2659417
2012-02-15;2715207
2012-02-22;2715207
2012-02-29;2692860
2012-03-07;2692860
2012-03-14;2648997
2012-03-21;2648997
2012-03-28;2637582
2012-04-04;2637582
2012-04-11;2659405
2012-04-18;2659405
2012-04-25;2617791
2012-05-02;2617791
2012-05-09;2604299
2012-05-16;2604299
2012-05-23;2626106
2012-05-30;2626106
2012-06-06;2649540
2012-06-13;2649540
2012-06-20;2588939
2012-06-27;2588939
2012-07-04;2624495
2012-07-11;2624495
2012-07-18;2656001
2012-07-25;2656001
2012-08-01;2671140
2012-08-08;2671140
2012-08-15;2650077
2012-08-22;2650077
2012-08-29;2633671
2012-09-05;2633671
2012-09-12;2605483
2012-09-19;2605483
2012-09-26;2563834
2012-10-03;2563834
2012-10-10;2612388
2012-10-17;2612388
2012-10-24;2621436
2012-10-31;2621436
2012-11-07;2643177
2012-11-14;2643177
2012-11-21;2646209
2012-11-28;2646209
2012-12-05;2676435
2012-12-12;2676435
2012-12-19;2670477
2012-12-26;2670477
2013-01-02;2690080
2013-01-09;2690080
2013-01-16;2741803
2013-01-23;2741803
2013-01-30;2799758
2013-02-06;2799758
2013-02-13;2840988
2013-02-20;2840988
2013-02-27;2886833
2013-03-06;2886833
2013-03-13;2932071
2013-03-20;2932071
2013-03-27;2965102
2013-04-03;2965102
2013-04-10;3028362
2013-04-17;3028362
2013-04-24;3004595
2013-05-01;3004595
2013-05-08;3069217
2013-05-15;3069217
2013-05-22;3158707
2013-05-29;3158707
2013-06-05;3214686
2013-06-12;3214686
2013-06-19;3177550
2013-06-26;3177550
2013-07-03;3245562
2013-07-10;3245562
2013-07-17;3288934
2013-07-24;3288934
2013-07-31;3359591
2013-08-07;3359591
2013-08-14;3383104
2013-08-21;3383104
2013-08-28;3448625
2013-09-04;3448625
2013-09-11;3485902
2013-09-18;3485902
2013-09-25;3500874
2013-10-02;3500874
2013-10-09;3578578
2013-10-16;3578578
2013-10-23;3607699
2013-10-30;3607699
2013-11-06;3665340
2013-11-13;3665340
2013-11-20;3691369
2013-11-27;3691369
2013-12-04;3736105
2013-12-11;3736105
2013-12-18;3730512
2013-12-25;3730512
2014-01-01;3652774
2014-01-08;3652774
2014-01-15;3753108
2014-01-22;3753108
2014-01-29;3757474
2014-02-05;3757474
2014-02-12;3839563
2014-02-19;3839563
2014-02-26;3865853
2014-03-05;3865853
2014-03-12;3911099
2014-03-19;3911099
2014-03-26;3864796
2014-04-02;3864796
2014-04-09;3975116
2014-04-16;3975116
2014-04-23;3895660
2014-04-30;3895660
2014-05-07;3888168
2014-05-14;3888168
2014-05-21;3921421
2014-05-28;3921421
2014-06-04;3974339
2014-06-11;3974339
2014-06-18;3950816
2014-06-25;3950816
2014-07-02;3886317
2014-07-09;3886317
2014-07-16;4000589
2014-07-23;4000589
2014-07-30;4084563
2014-08-06;4084563
2014-08-13;4076179
2014-08-20;4076179
2014-08-27;4068394
2014-09-03;4068394
2014-09-10;4083445
2014-09-17;4083445
2014-09-24;4007866
2014-10-01;4007866
2014-10-08;4065049
2014-10-15;4065049
2014-10-22;3956014
2014-10-29;3956014
2014-11-05;3871127
2014-11-12;3871127
2014-11-19;3815811
2014-11-26;3815811
2014-12-03;3759465
2014-12-10;3759465
2014-12-17;4062165
2014-12-24;4062165
2014-12-31;3929023
2015-01-07;3929023
2015-01-14;4069967
2015-01-21;4069967
2015-01-28;4004751
2015-02-04;4004751
2015-02-11;3839250
2015-02-18;3839250
2015-02-25;3776450
2015-03-04;3776450
2015-03-11;4090919
2015-03-18;4090919
2015-03-25;4043919
2015-04-01;4043919
2015-04-08;4130472
2015-04-15;4130472
2015-04-22;3995751
2015-04-29;3995751
2015-05-06;3970194
2015-05-13;3970194
2015-05-20;3939260
2015-05-27;3939260
2015-06-03;3917095
2015-06-10;3917095
2015-06-17;3940559
2015-06-24;3940559
2015-07-01;3875118
2015-07-08;3875118
2015-07-15;3995973
2015-07-22;3995973
2015-07-29;3983685
2015-08-05;3983685
2015-08-12;3919236
2015-08-19;3919236
2015-08-26;4059739
2015-09-02;4059739
2015-09-09;4099501
2015-09-16;4099501
2015-09-23;3953008
2015-09-30;3953008
2015-10-07;4055673
2015-10-14;4055673
2015-10-21;4067626
2015-10-28;4067626
2015-11-04;4049452
2015-11-11;4049452
2015-11-18;3999674
2015-11-25;3999674
2015-12-02;3932470
2015-12-09;3932470
2015-12-16;3886726
2015-12-23;3886726
2015-12-30;3637966
2016-01-06;3637966
2016-01-13;3854304
2016-01-20;3854304
2016-01-27;3798761
2016-02-03;3798761
2016-02-10;3880629
2016-02-17;3880629
2016-02-24;3881411
2016-03-02;3881411
2016-03-09;3944061
2016-03-16;3944061
2016-03-23;3855934
2016-03-30;3855934
2016-04-06;3888621
2016-04-13;3888621
2016-04-20;3867263
2016-04-27;3867263
2016-05-04;3831478
2016-05-11;3831478
2016-05-18;3826233
2016-05-25;3826233
2016-06-01;3869813
2016-06-08;3869813
2016-06-15;3861970
2016-06-22;3861970
2016-06-29;3717181
2016-07-06;3717181
2016-07-13;3782897
2016-07-20;3782897
2016-07-27;3789566
2016-08-03;3789566
2016-08-10;3826504
2016-08-17;3826504
2016-08-24;3812767
2016-08-31;3812767
2016-09-07;3843123
2016-09-14;3843123
2016-09-21;3656657
2016-09-28;3656657
2016-10-05;3539862
2016-10-12;3539862
2016-10-19;3581010
2016-10-26;3581010
2016-11-02;3624724
2016-11-09;3624724
2016-11-16;3640392
2016-11-23;3640392
2016-11-30;3615014
2016-12-07;3615014
2016-12-14;3579045
2016-12-21;3579045
2016-12-28;3406680
2017-01-04;3406680
2017-01-11;3612501
2017-01-18;3612501
2017-01-25;3635183
2017-02-01;3635183
2017-02-08;3738343
2017-02-15;3738343
2017-02-22;3763651
2017-03-01;3763651
2017-03-08;3879133
2017-03-15;3879133
2017-03-22;3843153
2017-03-29;3843153
2017-04-05;3834632
2017-04-12;3834632
2017-04-19;3831637
2017-04-26;3831637
2017-05-03;3748107
2017-05-10;3748107
2017-05-17;3779292
2017-05-24;3779292
2017-05-31;3802234
2017-06-07;3802234
2017-06-14;3796940
2017-06-21;3796940
2017-06-28;3678956
2017-07-05;3678956
2017-07-12;3800874
2017-07-19;3800874
2017-07-26;3837609
2017-08-02;3837609
2017-08-09;3899869
2017-08-16;3899869
2017-08-23;3928393
2017-08-30;3928393
2017-09-06;3939817
2017-09-13;3939817
2017-09-20;3832060
2017-09-27;3832060
2017-10-04;3789419
2017-10-11;3789419
2017-10-18;3846529
2017-10-25;3846529
2017-11-01;3865364
2017-11-08;3865364
2017-11-15;3930997
2017-11-22;3930997
2017-11-29;3909398
2017-12-06;3909398
2017-12-13;3914106
2017-12-20;3914106
2017-12-27;3738744
2018-01-03;3738744
2018-01-10;3854014
2018-01-17;3854014
2018-01-24;3814017
2018-01-31;3814017
2018-02-07;3860728
2018-02-14;3860728
2018-02-21;3849385
2018-02-28;3849385
2018-03-07;3859796
2018-03-14;3859796
2018-03-21;3753156
2018-03-28;3753156
2018-04-04;3745837
2018-04-11;3745837
2018-04-18;3738060
2018-04-25;3738060
2018-05-02;3655305
2018-05-09;3655305
2018-05-16;3681430
2018-05-23;3681430
2018-05-30;3684954
2018-06-06;3684954
2018-06-13;3675501
2018-06-20;3675501
2018-06-27;3594782
2018-07-04;3594782
2018-07-11;3632990
2018-07-18;3632990
2018-07-25;3609650
2018-08-01;3609650
2018-08-08;3607139
2018-08-15;3607139
2018-08-22;3558614
2018-08-29;3558614
2018-09-05;3594288
2018-09-12;3594288
2018-09-19;3541058
2018-09-26;3541058
2018-10-03;3522640
2018-10-10;3522640
2018-10-17;3526102
2018-10-24;3526102
2018-10-31;3508251
2018-11-07;3508251
2018-11-14;3481483
2018-11-21;3481483
2018-11-28;3443726
2018-12-05;3443726
2018-12-12;3422774
2018-12-19;3422774
